INSERT INTO Department VALUES
('CS','Computer Science','B1',NULL),
('IT','Information Technology','B2',NULL),
('IS','Information Systems','B3',NULL),
('SE','Software Engineering','B4',NULL),
('AI','Artificial Intelligence','B5',NULL);

INSERT INTO Instructor VALUES
(1,'CS','Ahmed Ali',8000,'2019-03-01','Cairo','Nasr','11111'),
(2,'CS','Sara Mohamed',7500,'2020-01-10','Giza','Dokki','22222'),
(3,'IT','Omar Hassan',7200,'2018-05-11','Alex','Sidi','33333'),
(4,'IT','Mona Adel',6900,'2021-07-12','Cairo','Heliopolis','44444'),
(5,'IS','Ali Samy',7100,'2019-08-20','Giza','Haram','55555'),
(6,'IS','Nada Hany',7300,'2020-10-01','Cairo','Maadi','66666'),
(7,'SE','Mahmoud Saad',8200,'2017-02-15','Cairo','Zamalek','77777'),
(8,'SE','Yara Mostafa',7800,'2019-06-30','Alex','Stanley','88888'),
(9,'AI','Hassan Fathy',9000,'2016-11-12','Giza','Mohandessin','99999'),
(10,'AI','Salma Khaled',8700,'2018-04-19','Cairo','Obour','10101'),
(11,'CS','Khaled Tarek',7600,'2019-09-09','Cairo','Nasr','11112'),
(12,'IT','Alaa Adel',7200,'2020-12-12','Alex','Miami','11113'),
(13,'IS','Mohamed Nabil',7000,'2018-01-01','Giza','Dokki','11114'),
(14,'SE','Ramy Ashraf',8300,'2017-05-05','Cairo','Maadi','11115'),
(15,'AI','Noha Adel',9100,'2016-03-03','Giza','Haram','11116'),
(16,'CS','Tamer Said',7800,'2019-04-01','Alex','Stanley','11117'),
(17,'IT','Dina Fathy',7100,'2020-07-07','Cairo','Helwan','11118'),
(18,'IS','Mostafa Ali',6900,'2021-02-02','Giza','6Oct','11119'),
(19,'SE','Karim Ahmed',8400,'2018-08-08','Cairo','Nasr','11120'),
(20,'AI','Laila Omar',8800,'2017-09-09','Alex','Gleem','11121');

INSERT INTO Course VALUES
('CS101','CS','Intro to Programming',3),
('CS102','CS','Data Structures',3),
('CS201','CS','Algorithms',3),
('IT101','IT','Networking Basics',3),
('IT201','IT','Network Security',3),
('IS101','IS','Database Fundamentals',3),
('SE101','SE','Software Engineering',3),
('SE201','SE','Software Design',3),
('AI101','AI','Intro to AI',3),
('AI201','AI','Machine Learning',3);

INSERT INTO Student VALUES
(1,'Ali Ahmed','Cairo','Nasr','11111'),
(2,'Sara Hassan','Giza','Dokki','22222'),
(3,'Omar Ali','Alex','Stanley','33333'),
(4,'Mona Adel','Cairo','Heliopolis','44444'),
(5,'Hassan Samy','Giza','Haram','55555'),
(6,'Nada Khaled','Cairo','Maadi','66666'),
(7,'Ahmed Tarek','Alex','Sidi','77777'),
(8,'Salma Fathy','Cairo','Nasr','88888'),
(9,'Khaled Omar','Giza','Dokki','99999'),
(10,'Laila Ali','Cairo','Helwan','10101'),
(11,'Mahmoud Ali','Alex','Stanley','11112'),
(12,'Noha Samy','Cairo','Maadi','11113'),
(13,'Mostafa Tarek','Giza','Haram','11114'),
(14,'Dina Khaled','Alex','Miami','11115'),
(15,'Karim Adel','Cairo','Nasr','11116'),
(16,'Yara Hassan','Giza','Dokki','11117'),
(17,'Ramy Ali','Alex','Gleem','11118'),
(18,'Tamer Samy','Cairo','Maadi','11119'),
(19,'Alaa Fathy','Giza','Haram','11120'),
(20,'Hany Omar','Alex','Stanley','11121');

INSERT INTO Enrollments VALUES
(1,'CS101','2024-01-10','A'),
(2,'CS101','2024-01-11','B'),
(3,'CS101','2024-01-11','A'),
(4,'CS102','2024-01-12','B'),
(5,'CS102','2024-01-12','C'),
(6,'CS201','2024-01-13','A'),
(7,'IT101','2024-01-13','B'),
(8,'IT101','2024-01-14','A'),
(9,'IT201','2024-01-14','C'),
(10,'IS101','2024-01-15','B'),
(11,'IS101','2024-01-15','A'),
(12,'SE101','2024-01-16','B'),
(13,'SE101','2024-01-16','A'),
(14,'SE201','2024-01-17','B'),
(15,'AI101','2024-01-17','A'),
(16,'AI101','2024-01-18','B'),
(17,'AI201','2024-01-18','A'),
(18,'CS101','2024-01-19','C'),
(19,'CS102','2024-01-19','B'),
(20,'CS201','2024-01-20','A'),
(1,'AI101','2024-01-21','B'),
(2,'SE101','2024-01-21','A'),
(3,'IS101','2024-01-21','C'),
(4,'IT101','2024-01-22','B'),
(5,'AI201','2024-01-22','A'),
(6,'CS101','2024-01-23','B'),
(7,'CS102','2024-01-23','A'),
(8,'IS101','2024-01-24','B'),
(9,'AI101','2024-01-24','C'),
(10,'SE201','2024-01-25','A');